S No.,Link,Upload Date,Views,Likes,Comments,Transcript/Transcript Link,Tone,Topic,Title,Transcript,transcript_cleaned,sentiment_polarity,sentiment_subjectivity,sentiment_label
1,https://youtu.be/W_4yqiclMr0?si=4FV2vXSMKvkEDYpz,Apr 2026,393,9,4,https://docs.google.com/document/d/18-okZIUfo_a0oHr4k1VgvkJx8nKw7ZMxpI5gCl27ZOI/edit?usp=sharing,Negative,Pay,I worked 60 hours at Amazon delivery station warehouse,"My base pay is $18.50 an hour, and my overtime pay is $27.50 an hour. I worked 60 hours in that warehouse and barely made $1,000. That means if I want to make about $4,000 a month, I have to work six days a week for the whole month",base pay 1850 hour overtime pay 2750 hour worked 60 hours warehouse barely made 1000 means want make 4000 month work six days week whole month,-0.18333333333333335,0.5,negative
2,https://youtu.be/pfhj6yovxX8?si=VfcWlaMdndzvu-HT,Jan 2026,72,0,2,https://docs.google.com/document/d/18-okZIUfo_a0oHr4k1VgvkJx8nKw7ZMxpI5gCl27ZOI/edit?usp=sharing,Mixed,Overtime,Amazon Overtime Year,"I’ve been doing flex, and I decided to try overtime maybe twice or three times out the month because I’m not trying to wear myself down at the warehouse job. My goal is to really work enough to be comfortable",ive flex decided try overtime maybe twice three times month im trying wear warehouse job goal really work enough comfortable,0.20000000000000004,0.5,positive
3,https://youtu.be/YuJ24X_4Zuk?si=vsBRr_mbAJq4ZoW,Apr 2026,184495,20919,5800,https://docs.google.com/document/d/18-okZIUfo_a0oHr4k1VgvkJx8nKw7ZMxpI5gCl27ZOI/edit?usp=sharing,Negative,Workplace safety,Amazon Worker Dies at Warehouse,"An Amazon worker died on the job in a warehouse in Troutdale, Oregon. As he lay dead on the floor for over an hour, workers were instructed to continue doing their jobs around his body. A worker tried to help him, and a manager said, ‘Just turn around and not look'. Let’s get back to work",amazon worker died job warehouse troutdale oregon lay dead floor hour workers instructed continue jobs around body worker tried help manager said turn around look lets get back work,-0.1,0.2,neutral
4,https://youtu.be/UsYrDQz18uU?si=pxtcDOxFAxV-ZOX4,Apr 2026,306,1,0,https://docs.google.com/document/d/18-okZIUfo_a0oHr4k1VgvkJx8nKw7ZMxpI5gCl27ZOI/edit?usp=sharing,Negative,Repetitive work,I Tried Working at Amazon ...Everything I Wish I Knew Day 1,"Most of the work at Amazon is not difficult. It’s just very boring and very repetitive. There’s nobody to talk to. A lot of the time, you’re isolated and doing the same task 10 to 11 hours a day",work amazon difficult boring repetitive theres nobody talk lot time youre isolated task 10 11 hours day,-0.5833333333333334,0.75,negative
5,https://youtu.be/ISq6UL5XHDU?si=HQtAU8RK2CSxdTxd,Jun 2026,14,1,0,https://docs.google.com/document/d/18-okZIUfo_a0oHr4k1VgvkJx8nKw7ZMxpI5gCl27ZOI/edit?usp=sharing,Negative,Unionization,Workers at JFK8 Amazon Fulfillment Center Demands Better Conditions and Union Rights,It is more important to organize than ever before. Today we are reminded that it is more important to organize than ever before,important organize ever today reminded important organize ever,0.4,1.0,positive
6,https://youtu.be/XBreh2yNKSA?si=20IF7X2kKGb4SgRK,Mar 2026,403,0,6,https://docs.google.com/document/d/18-okZIUfo_a0oHr4k1VgvkJx8nKw7ZMxpI5gCl27ZOI/edit?usp=sharing,Mixed,Commute,Working Amazon As A Fulfillment Associate,"It’s an hour bus ride, by the way. The bus ride is about an hour and 15 to 30 minutes long",hour bus ride way bus ride hour 15 30 minutes long,-0.05,0.4,neutral
7,https://youtu.be/Cknu5Q4UJ_k?si=FCtrUPB_sQ_Vc48b,Apr 2026,767,13,3,https://docs.google.com/document/d/18-okZIUfo_a0oHr4k1VgvkJx8nKw7ZMxpI5gCl27ZOI/edit?usp=sharing,Mixed,Repetitive work,Amazon Fulfilment Centre / Picking Job / Warehouse Job ,"It’s a pretty boring job, but it’s one of the easiest jobs. You just pick up the items from here, scan them, and put them away",pretty boring job one easiest jobs pick items scan put away,-0.375,1.0,negative
8,https://youtu.be/bmvM_1yzB1g?si=82qCY83SwfsFmH1L,Feb 2026,1842,62,28,https://docs.google.com/document/d/18-okZIUfo_a0oHr4k1VgvkJx8nKw7ZMxpI5gCl27ZOI/edit?usp=sharing,Negative ,Working condition,No breaks for 10 hours at Amazon,"After this 10-hour shift, I couldn’t feel my legs. I carried 400 packages and walked at least three miles, and I’m talking about no break. I was there for 10 hours straight. All I could do was use the bathroom, and even my bathroom breaks were timed",10hour shift couldnt feel legs carried 400 packages walked least three miles im talking break 10 hours straight could use bathroom even bathroom breaks timed,-0.04999999999999999,0.4,neutral
9,https://youtu.be/eAuVl53SbV0?si=ccgfICAHPqvcBaLD,May 2026,299,2,0,https://docs.google.com/document/d/18-okZIUfo_a0oHr4k1VgvkJx8nKw7ZMxpI5gCl27ZOI/edit?usp=sharing,Positive,Resilience,10.5 Hours of Amazon Warehouse Work Nobody Talks About,"Working there taught me a great lesson, it really makes you patient and builds self-control. Your body is going to ache from all that standing and bending, but you see people of all ages doing it, even my mom was doing it. So how can I really complain?",working taught great lesson really makes patient builds selfcontrol body going ache standing bending see people ages even mom really complain,0.39999999999999997,0.3833333333333333,positive
10,https://youtu.be/kvtSBoK1em8?si=EIKpfB-b2_RPSZHl,Jan 2026,1019,20,0,https://docs.google.com/document/d/18-okZIUfo_a0oHr4k1VgvkJx8nKw7ZMxpI5gCl27ZOI/edit?usp=sharing,Neutral,Job Duties,Night Shift at Amazon Warehouse,"I’m working inbound, so that’s basically receiving. We pull all of this stuff off the truck and put it on the belt so the warehouse can sort it all out. I normally throw the stuff on the belt outside of the truck, inside the warehouse, but today they’re a little understaffed, so I’m inside the truck",im working inbound thats basically receiving pull stuff truck put belt warehouse sort normally throw stuff belt outside truck inside warehouse today theyre little understaffed im inside truck,-0.012500000000000002,0.39999999999999997,neutral
